customer_id,company,contact_name,email,phone,discount_pct,account_manager,tier
C-1001,"{{canary:mononym:c1001}} KG",{{canary:person:c1001}},{{canary:email:c1001}},{{canary:phone:c1001}},5,{{canary:person:am5}},B
C-1002,"{{canary:mononym:c1002}} e.K.",{{canary:person:c1002}},{{canary:email:c1002}},{{canary:phone:c1002}},5,{{canary:person:am5}},A
C-1003,"{{canary:mononym:c1003}} GmbH & Co. KG",{{canary:person:c1003}},{{canary:email:c1003}},{{canary:phone:c1003}},,{{canary:person:am3}},A
C-1004,"{{canary:mononym:c1004}} Versand GmbH",{{canary:person:c1004}},{{canary:email:c1004}},{{canary:phone:c1004}},10,{{canary:person:am5}},A
C-1005,"{{canary:mononym:c1005}} GmbH & Co. KG",{{canary:person:c1005}},{{canary:email:c1005}},{{canary:phone:c1005}},,{{canary:person:am5}},A
C-1006,"{{canary:mononym:c1006}} KG",{{canary:person:c1006}},{{canary:email:c1006}},{{canary:phone:c1006}},,{{canary:person:am5}},C
C-1007,"{{canary:mononym:c1007}} GmbH",{{canary:person:c1007}},{{canary:email:c1007}},{{canary:phone:c1007}},7.5,{{canary:person:am1}},B
C-1008,"{{canary:mononym:c1008}} GmbH & Co. KG",{{canary:person:c1008}},{{canary:email:c1008}},{{canary:phone:c1008}},,{{canary:person:am5}},B
C-1009,"{{canary:mononym:c1009}} Versand GmbH",{{canary:person:c1009}},{{canary:email:c1009}},{{canary:phone:c1009}},12.5,{{canary:person:am1}},C
C-1010,"{{canary:mononym:c1010}} GmbH",{{canary:person:c1010}},{{canary:email:c1010}},{{canary:phone:c1010}},5,{{canary:person:am2}},B
C-1011,"{{canary:mononym:c1011}} e.K.",{{canary:person:c1011}},{{canary:email:c1011}},{{canary:phone:c1011}},15,{{canary:person:am5}},B
C-1012,"{{canary:mononym:c1012}} e.K.",{{canary:person:c1012}},{{canary:email:c1012}},{{canary:phone:c1012}},15,{{canary:person:am4}},C
C-1013,"{{canary:mononym:c1013}} Handel GmbH",{{canary:person:c1013}},{{canary:email:c1013}},{{canary:phone:c1013}},7.5,{{canary:person:am2}},A
C-1014,"{{canary:mononym:c1014}} Versand GmbH",{{canary:person:c1014}},{{canary:email:c1014}},{{canary:phone:c1014}},15,{{canary:person:am5}},B
C-1015,"{{canary:mononym:c1015}} KG",{{canary:person:c1015}},{{canary:email:c1015}},{{canary:phone:c1015}},7.5,{{canary:person:am4}},B
C-1016,"{{canary:mononym:c1016}} KG",{{canary:person:c1016}},{{canary:email:c1016}},{{canary:phone:c1016}},0,{{canary:person:am3}},C
C-1017,"{{canary:mononym:c1017}} GmbH",{{canary:person:c1017}},{{canary:email:c1017}},{{canary:phone:c1017}},5,{{canary:person:am2}},B
C-1018,"{{canary:mononym:c1018}} e.K.",{{canary:person:c1018}},{{canary:email:c1018}},{{canary:phone:c1018}},,{{canary:person:am3}},A
C-1019,"{{canary:mononym:c1019}} GmbH",{{canary:person:c1019}},{{canary:email:c1019}},{{canary:phone:c1019}},5,{{canary:person:am5}},A
C-1020,"{{canary:mononym:c1020}} GmbH",{{canary:person:c1020}},{{canary:email:c1020}},{{canary:phone:c1020}},10,{{canary:person:am5}},B
C-1021,"{{canary:mononym:c1021}} Versand GmbH",{{canary:person:c1021}},{{canary:email:c1021}},{{canary:phone:c1021}},,{{canary:person:am4}},B
C-1022,"{{canary:mononym:c1022}} KG",{{canary:person:c1022}},{{canary:email:c1022}},{{canary:phone:c1022}},12.5,{{canary:person:am1}},B
C-1023,"{{canary:mononym:c1023}} AG",{{canary:person:c1023}},{{canary:email:c1023}},{{canary:phone:c1023}},,{{canary:person:am2}},B
C-1024,"{{canary:mononym:c1024}} KG",{{canary:person:c1024}},{{canary:email:c1024}},{{canary:phone:c1024}},15,{{canary:person:am2}},A
C-1025,"{{canary:mononym:c1025}} Handel GmbH",{{canary:person:c1025}},{{canary:email:c1025}},{{canary:phone:c1025}},12.5,{{canary:person:am5}},B
C-1026,"{{canary:mononym:c1026}} AG",{{canary:person:c1026}},{{canary:email:c1026}},{{canary:phone:c1026}},12.5,{{canary:person:am1}},B
C-1027,"{{canary:mononym:c1027}} AG",{{canary:person:c1027}},{{canary:email:c1027}},{{canary:phone:c1027}},5,{{canary:person:am3}},C
C-1028,"{{canary:mononym:c1028}} AG",{{canary:person:c1028}},{{canary:email:c1028}},{{canary:phone:c1028}},15,{{canary:person:am2}},A
C-1029,"{{canary:mononym:c1029}} GmbH & Co. KG",{{canary:person:c1029}},{{canary:email:c1029}},{{canary:phone:c1029}},5,{{canary:person:am3}},B
C-1030,"{{canary:mononym:c1030}} KG",{{canary:person:c1030}},{{canary:email:c1030}},{{canary:phone:c1030}},0,{{canary:person:am2}},B
C-1031,"{{canary:mononym:c1031}} GmbH",{{canary:person:c1031}},{{canary:email:c1031}},{{canary:phone:c1031}},10,{{canary:person:am3}},C
C-1032,"{{canary:mononym:c1032}} AG",{{canary:person:c1032}},{{canary:email:c1032}},{{canary:phone:c1032}},0,{{canary:person:am5}},C
C-1033,"{{canary:mononym:c1033}} Versand GmbH",{{canary:person:c1033}},{{canary:email:c1033}},{{canary:phone:c1033}},7.5,{{canary:person:am4}},B
C-1034,"{{canary:mononym:c1034}} e.K.",{{canary:person:c1034}},{{canary:email:c1034}},{{canary:phone:c1034}},0,{{canary:person:am5}},B
C-1035,"{{canary:mononym:c1035}} GmbH",{{canary:person:c1035}},{{canary:email:c1035}},{{canary:phone:c1035}},5,{{canary:person:am5}},B
C-1036,"{{canary:mononym:c1036}} e.K.",{{canary:person:c1036}},{{canary:email:c1036}},{{canary:phone:c1036}},7.5,{{canary:person:am4}},B
C-1037,"{{canary:mononym:c1037}} Handel GmbH",{{canary:person:c1037}},{{canary:email:c1037}},{{canary:phone:c1037}},12.5,{{canary:person:am3}},B
C-1038,"{{canary:mononym:c1038}} Versand GmbH",{{canary:person:c1038}},{{canary:email:c1038}},{{canary:phone:c1038}},5,{{canary:person:am4}},B
C-1039,"{{canary:mononym:c1039}} GmbH & Co. KG",{{canary:person:c1039}},{{canary:email:c1039}},{{canary:phone:c1039}},0,{{canary:person:am5}},B
C-1040,"{{canary:mononym:c1040}} e.K.",{{canary:person:c1040}},{{canary:email:c1040}},{{canary:phone:c1040}},15,{{canary:person:am2}},B
