date,region,name
2026-10-03,*,Tag der Deutschen Einheit
2026-10-31,BB,Reformationstag
2026-10-31,HB,Reformationstag
2026-10-31,HH,Reformationstag
2026-10-31,MV,Reformationstag
2026-10-31,NI,Reformationstag
2026-10-31,SN,Reformationstag
2026-10-31,ST,Reformationstag
2026-10-31,SH,Reformationstag
2026-10-31,TH,Reformationstag
2026-11-01,BW,Allerheiligen
2026-11-01,BY,Allerheiligen
2026-11-01,NW,Allerheiligen
2026-11-01,RP,Allerheiligen
2026-11-01,SL,Allerheiligen
2026-12-25,*,1. Weihnachtstag
2026-12-26,*,2. Weihnachtstag
