date,currency,rate
2026-09-28,USD,1.0852
2026-09-28,GBP,0.8415
2026-09-28,JPY,161.53
2026-09-28,AUD,1.6528
2026-09-29,USD,1.0929
2026-09-29,GBP,0.8353
2026-09-29,JPY,160.84
2026-09-29,AUD,1.6559
2026-09-30,USD,1.0856
2026-09-30,GBP,0.8425
2026-09-30,JPY,162.20
2026-09-30,AUD,1.6528
2026-10-01,USD,1.0757
2026-10-01,GBP,0.8435
2026-10-01,JPY,161.17
2026-10-01,AUD,1.6302
2026-10-02,USD,1.0905
2026-10-02,GBP,0.8373
2026-10-02,JPY,160.07
2026-10-02,AUD,1.6371
2026-10-05,USD,1.0938
2026-10-05,GBP,0.8425
2026-10-05,JPY,161.09
2026-10-05,AUD,1.6470
2026-10-06,USD,1.0751
2026-10-06,GBP,0.8410
2026-10-06,JPY,160.96
2026-10-06,AUD,1.6337
2026-10-07,USD,1.0810
2026-10-07,GBP,0.8403
2026-10-07,JPY,161.67
2026-10-07,AUD,1.6294
2026-10-08,USD,1.0818
2026-10-08,GBP,0.8460
2026-10-08,JPY,160.66
2026-10-08,AUD,1.6289
2026-10-09,USD,1.0888
2026-10-09,GBP,0.8437
2026-10-09,JPY,159.81
2026-10-09,AUD,1.6456
2026-10-12,USD,1.0745
2026-10-12,GBP,0.8405
2026-10-12,JPY,161.33
2026-10-12,AUD,1.6548
2026-10-13,USD,1.0890
2026-10-13,GBP,0.8351
2026-10-13,JPY,160.29
2026-10-13,AUD,1.6423
2026-10-14,USD,1.0828
2026-10-14,GBP,0.8464
2026-10-14,JPY,160.46
2026-10-14,AUD,1.6370
2026-10-15,USD,1.0766
2026-10-15,GBP,0.8459
2026-10-15,JPY,162.04
2026-10-15,AUD,1.6404
2026-10-16,USD,1.0905
2026-10-16,GBP,0.8334
2026-10-16,JPY,160.10
2026-10-16,AUD,1.6452
2026-10-19,USD,1.0823
2026-10-19,GBP,0.8407
2026-10-19,JPY,161.94
2026-10-19,AUD,1.6335
2026-10-20,USD,1.0764
2026-10-20,GBP,0.8426
2026-10-20,JPY,161.82
2026-10-20,AUD,1.6487
2026-10-21,USD,1.0735
2026-10-21,GBP,0.8390
2026-10-21,JPY,161.09
2026-10-21,AUD,1.6349
2026-10-22,USD,1.0759
2026-10-22,GBP,0.8421
2026-10-22,JPY,160.00
2026-10-22,AUD,1.6513
2026-10-23,USD,1.0860
2026-10-23,GBP,0.8372
2026-10-23,JPY,160.13
2026-10-23,AUD,1.6430
2026-10-26,USD,1.0750
2026-10-26,GBP,0.8401
2026-10-26,JPY,160.90
2026-10-26,AUD,1.6492
2026-10-27,USD,1.0756
2026-10-27,GBP,0.8313
2026-10-27,JPY,161.94
2026-10-27,AUD,1.6370
2026-10-28,USD,1.0779
2026-10-28,GBP,0.8359
2026-10-28,JPY,159.91
2026-10-28,AUD,1.6473
2026-10-29,USD,1.0795
2026-10-29,GBP,0.8406
2026-10-29,JPY,159.80
2026-10-29,AUD,1.6548
2026-10-30,USD,1.0929
2026-10-30,GBP,0.8346
2026-10-30,JPY,161.55
2026-10-30,AUD,1.6497
2026-11-02,USD,1.0883
2026-11-02,GBP,0.8308
2026-11-02,JPY,160.64
2026-11-02,AUD,1.6350
2026-11-03,USD,1.0807
2026-11-03,GBP,0.8470
2026-11-03,JPY,161.97
2026-11-03,AUD,1.6437
2026-11-04,USD,1.0807
2026-11-04,GBP,0.8393
2026-11-04,JPY,160.90
2026-11-04,AUD,1.6298
2026-11-05,USD,1.0883
2026-11-05,GBP,0.8381
2026-11-05,JPY,162.79
2026-11-05,AUD,1.6576
2026-11-06,USD,1.0784
2026-11-06,GBP,0.8364
2026-11-06,JPY,162.70
2026-11-06,AUD,1.6263
