account_id,plan,effective_from
ACC-1001,scale,2025-01-01 00:00
ACC-1002,growth,2025-06-01 00:00
ACC-1003,starter,2025-02-01 00:00
ACC-1003,growth,2026-10-26 00:00
ACC-1004,growth,2025-09-01 00:00
ACC-1005,starter,2026-03-01 00:00
ACC-1006,scale,2024-11-01 00:00
ACC-1007,growth,2025-04-01 00:00
ACC-1007,scale,2026-10-15 12:00
ACC-1008,growth,2026-01-01 00:00
ACC-1009,growth,2025-07-01 00:00
ACC-1010,scale,2025-05-01 00:00
ACC-1011,growth,2025-08-01 00:00
ACC-1012,starter,2025-10-01 00:00
ACC-1012,growth,2026-10-10 00:00
ACC-1013,growth,2025-12-01 00:00
ACC-1014,starter,2026-05-01 00:00
ACC-1015,growth,2025-03-01 00:00
ACC-1015,none,2026-10-20 00:00
ACC-1016,starter,2026-02-01 00:00
ACC-1017,scale,2025-01-01 00:00
ACC-1018,growth,2026-10-08 09:30
ACC-1019,growth,2025-11-01 00:00
ACC-1020,starter,2026-04-01 00:00
ACC-1021,growth,2025-02-01 00:00
ACC-1021,growth,2026-10-12 00:00
ACC-1022,scale,2025-09-01 00:00
ACC-1023,starter,2026-07-01 00:00
ACC-1024,scale,2025-06-01 00:00
ACC-1024,growth,2026-10-31 18:00
ACC-1025,growth,2026-01-01 00:00
ACC-1026,starter,2025-12-01 00:00
ACC-1027,growth,2025-01-01 00:00
ACC-1027,none,2026-09-15 00:00
ACC-1028,scale,2025-08-01 00:00
ACC-1029,starter,2026-06-01 00:00
ACC-1030,growth,2026-11-01 00:00
